fe0eb24b846e4e4fb04318bd86a3dac9;1a2b58aa168b40449b94f9b92421e753
0cafc78889cb4e9f9095dcb284365b23;f474907f69d0491c83e07fab77613470
d6612a1c05424a80bfe03977ef444a44;4310ba5397e74d9caf66567403576094
2e12fa241dcb4103937f56513f738f4b;9a8f595a30044292b68f1c7bdb6e7ec5
62a6227f628d49ea81fc7553d4468c8d;ac9eb8736f894b489850f2643993505d
9febd4cafc064407b6d8be9b2d8fae28;e54f1e14e05b4a63b866992a45b1f2d2
16ec71c527f64232ac1be0de14389b75;ca7a329af10f414495142cda95412732
0a969125183245a2a294410b2173d034;98ac9de4876f44ec893537788a026266
ffe32ea427164b2b863894129928cc8e;34c8d10341b143099e69aebf4b8f316a
485f5d3a50004428a1fa69b4c634e8be;d9032c9f780d4ec0962bb2d89d1160fe
ac61e6cf5639449d85756225bbd25808;6832810b929b4ad0b802bbae638d9564
95fdfb2685b64d929e10888e2af54f45;49adf1ef2ffe4c81add98d1872bfc022
a8577b6130e24ab5a0517fb2541da27f;d4009a784192436987640c76f6514279
e56c037d0aac4e39b604b82d74b6396a;f38ab4a805c24ed09fa724e3c416d57d
ece77322a6b343db90cd23e09f64feef;039451bcd13b47febaac1baef718b1ed
c1ce086fc80b4069a2d1e02d6a99a9ca;ec66439e9c394945987328f6febebcbd
82efc6e49a394d348c420f0f38669e4f;88774db24ee44a589f84caf858ec4ad9
dde8811091a3425c87f3ca4d2275ac73;b9b1b5279d2b4e939ca95c14f7e02d80
e1e7361e186248ea9b491e7e402447fc;ec82eabd82c9462a9bfd4243e8a386c3
488f99a38650454596aa4a67df0652dc;bf5961b1cad644beb13ff1b99e452aa2
724b8cfbb3974600a5b406914bbc6b18;ba784c626ab6461bac901c2a5177fd25
c107ec22344c4474985b3514f151d3a3;67a309a445584b5c9235fc142d3c13ee
eb5c01ac1f8a4d91a134479c7399e0c8;50222f7b22de4bfdbbba33df3616c6c9
88bc536b1e5d4ff9a4ad8db8e5ed6e46;93df732951794cfabeb6ee456493d9ef
47e9c946fa10440584854b96d667fce7;cfa02537a76d4c82af84bdedcc27b351
2c7539464d43462f9629f2b5ce00f5e1;0ca964f8f38645e4880e483c9890a780
4ab662a4c24d4757ba4a0a22a1cc6cf0;601400fb50804c53be097f8ce08a6293
8c5625e5fc534b7b917cd5565b3d9099;b085c797ac3545b1b3adaa00ff2b8ee3
a1c14d8254df470ca6c004416f0fff00;6d7b6d6e4d7447f4ac50cdccb1ca45cf
2022f45d46bc4c028dfcc20e712fa4dc;2c596eb6b8204d6cb08e86427fed9880
e01a45ba90994b25b5f2b737ad18f58e;a9c9398c2a6649989d044bbb710b0dff
07f0a8aa98e34c879543ebc5ad52c95f;15312df7d92942cbadb08dc4bc5e3b45
5ed021a713b5468fb85b60a9503acdbd;3891d0b2f87644d18bf786e800561bf6
5cf1bed63a2c43c4ae51ce0233f8cd92;9eb66e1f897043a99f14a4ef89ef9773
72cc4b56a89346f1ac0833d3422962c6;cf2340dfa0214f73b9eb2c2e1e3d9263
6b970c02cf614b89ad21d83de7dd2a6d;7259596849554d738ccb495ceefb1fe7
7b4209ae96b64288bc81d668fe995d87;254f6047002a45ba88a680f9745237d6
b3b05d9b4b1d4ba3bc29d93ce472a69b;938fd884f36540329965778c22511692
a9e5c71793b54e238e969ec282af6c77;9e7145dac1b348188a2e3cf03031c6e3
19b9770337094334b2a429ccc03b735a;371a87d48f14473296a31d957f325e80
854a0aca05ec4b93a641c10aea2d07c3;61f06f8b31074637bcbbb84953578b54
1f738ea561a7495e8cdbce481815c4f8;26254d0955114a2782da729dd68bbd9b
1c99296182a444ac8848d09fcb57763f;4b2bff5ed526421d843458edfe2bddcf
4f292ff70eeb4357b97e309e0f085d51;bb1624301b434c148f71159ff14ae8b9
d47f1ef548f04d7b847c3a94b4e01c9e;9cfab44452694867b621f8e0127de61d
d744b0ba3c7e44558e1ed86bc9b54772;7026e004d7b54a478fd466a38742f77b
bf55dd441da74c6a881a7453729b7588;f991cee8e33c4b9e8b44a98f4c9c9799
1fd38846cbff43979d4be2c3cf998151;0f9e152084074ef0afd645ee3791c20f
bbe0e2d8f308489f9b35e395f6dcc09c;bd3a8256dc0744c399c86744af9a0f12
414f8a9302ea43e986a822ba2aed04e4;e3d344e1798149aabe6ec6d4cd554dba
88bca6652bdb47ba88e20f447e093544;3962e157993c44999bf33ee39df7fc53
6e27ebca2198431fbfb492b9f49c9dfd;94b962ce5f654bcfb9a31fe45be700a5
29537e0b740e4a8daec313545238701c;25b8751119234e90b57a7ecbfd9091bf
a45d7b0dad7d47cd8f542b5ae6217e12;131f59e12fc94b838d7493f5ad952839
22f63c204ab641a0b845e64dede7f678;ebf1040cf25b4fa48eec3cd5834fae56
3ca8a3e28e55417dba62bb73d50579a1;77c0327f7f674d6190659180151e2b03
6d706bb21fa74b609f721622bc1e9c03;b04b170bcf464bb3920242cfd7a82554
a91d8507e7d643b89607c5775cec2708;0c97acc7047d44c490672b0054714f23
eb0d8789d72e4e60ba2d360287a02cec;0ba6a7fc68f347f8b2c338b02a8de70f
2867634a8b9d40188b7d565df6f59236;ff11716dd4de4ac5b69c9d218bd08f7d
0135c310699b4c6886ceb0fc5b2db239;b0d0cb45fd73411398a97fcaabf864f4
46dd6fc2dca1451c8b3d75fc43be34b1;8efdcf3eebff47e6ab8c4aa428369137
8034fbefbe854be59ada8141211c3432;fac62d7c42394c7db698e15134342903
f863e6d7eb2b4194902e56dc50fd4abb;e3cb92191cd44b8fad1f893ecb2e0c56
6bbdf20185ef41d7afd7727cc5bdfc20;1f7ad2fe09014d2d94314bb1b973a4ca
554b89f27aec4082b161ec9670e8a990;aa39046ad2cb4c79b72f3e1b7475d861
f6b696de943349ecb46f5e2660c65e59;0af4a3844d894a78b371193d4ea4dcee
6147cf51630141e7952720ad643c8e46;b935ef8ce4f54134bdc8b309f58ea1eb
7c7498b0982c46eea88a89a995b8ea3c;92cc033eee6442769003061151761e34
b060310b66d94bc090ad9bb1ffefb140;a6d19fdc8e7a4bb59249f60851a89848
893cf65049f048198d8974818ed6cf44;30ac1e82be9f4e32a7da2bb00c5a4d23
3e0a60142477496a8feed6b0410d1688;d8ed1a492cc1433e8d36faa08ab31bec
54b6ac53877f462fa9437872c3292f90;c2b542fa3560403e8915d3e98bb5618b
b3f8d232323a46deaa8988a7bdacc5de;ee023a5dc7c448b2ba7a14bf9cf9dd17
4354b986ead74886ac9191855961f073;0db58d8a637a45be9023adba0db63ca2
891c6d21efd5402387956e9cab21b282;94004afe275941de8c528069834c73e9
a3d5bed669bc491784f3529165a227db;8e8a93cc5cba47fa815965edd19d1ffc
1a13f9a3654b4692aa0139f28dc87be8;970b48eb7e9f49d399ec19e2f445c73c
4a1cebd098844f55a16f095f82031c0d;a41450380719477faa97d3ef1391e7e9
199f639918a049799cffa6a7bbc752ce;4bb6fbc294a245f98438f987e43355ba
74ce910d91bb4eeeb908fcda94830543;f84ce7c86f6a4f1aa1d075a31d0f78fb
3965a40240f849379d08fff0afbff5bd;bd23b62863db41f8a8de1fdf0a2bd85f
f79be3bf4a614a15839039b545cb7a4d;a9f94e5f28a446668923bbf9eb46ab2b
6c5b28aacadf469a89f3e1de7565b49b;b78fa89f9d204260ab1caed6803be6bf
93f13b2c5f1c4aaa825b4235b6d9b902;fd7db44d4a7e495da57dc852df7df584
94d95a9f873d45519a70c584e486245e;a0454edf4ac449e5b6c20767805ee64e
018d367a06714181916ef8b22f0f33b4;5b4f8765d620470a82dac0eeb59b2db7
263f6aa78d3143ff8cbb7e8f8a128be4;6b997e17d71046569e91f8bac79f03f6
f2206f6cc780480f8a8158e963bb4aed;8ab38c5fbf034e81809dec4ff161af8f
5a51cf649d9148c292d447438a1b4320;218e0ef76fb14437820beb1fdfd23a0c
fe9b90895776450e8c5516749abb3cd0;9347916795d34fb6883c30fadc93c471
081e2d40991e4a2a91eda429aab600ae;0b3e757457e4414faf10981b5a25b19c
6692083c5679431cb9bad44f48ed8e05;8f108a2c1b1f4c9c930c2e0e3ddae659
265f70ec946f4c40b02d17c51f07c860;2514e34583b543339916b4c6a6a32937
d2bc7366c20448fc8a709786d9738c53;22cf73790d8741d9b99aed051a041b70
ed0139db14e04740bb5a4d80bf9b0e01;66313699981540389eeebb82af5942c4
74e9ea255992431f8e45f6a94fc026ef;7237263edeb443acaf332ff3a772f2c2
19bf74d93da843fea78317a8cf8b3c5d;6bfcbd9932db4f1d9a3244305b3f1691
b44bef47d80641fd93b09a0f84fd744f;14290dedbe294340928bedbf56a31966
62e6fa376771457495e80983e6731b62;baf2e93cade940e9925b0d9b63c84bd9
e2404428762147a6887fa85ab06a2004;dd39516f17e8425da282a2a578e41eaf
62917ed9b65e42639526e91934e63d39;2cb81aa408694f46a7f97e494998e4a0
643b2ba558be455ea7b5e23ddd1f7864;e0084070856b4fa5ac06ca765f296ae7
d06f49379c38471cb0565a7c5fe1c41c;911e2a1b9f97467fb69761748f7818fe
2764b8e8e1f24b2da3306362ae43fea9;b1016b1c1e054ab59bcac13bf1d6b525
9282e8a1d97043bd8276fba7b0660916;87e1dcef2c9e432ca82d95d6b3b77eb5
8a22c894d5e049b78e3f089da10f4534;5d646e18d80b48d4bff9654989e7005a
0551fab534dc47198f4565a3d9255a12;898a422be2f34febb2e4fddc31fdad1d
cf637cce761645caa20a16e32822cc73;7d9d5b733fb64dcba14ef10868ac0383
ecad7f34743c49468bec7f98906bd787;6fb8db93eb554d238441df14365beeda
baaf80eacf88497e94aebd60c48ffe84;8515036e5bf94037b3c118fb4159f6ea
db70f4acb5994694b1e74caa8008ef4b;b9101f42b0294ca19a6d79268dc75d5b
efaf615a4dab4cc6b9b22c2495d24942;ba856bb6e98c4985a0b8f7e66e23b472
7eb6a18f84fa40c3827b7283ca4fea57;34577857b6a843c786b2442c36e879e1
183815b11d744a9182c837d748d99c82;3f01d5858bf044438c6fa0a6190bf189
f6db4900d07d443ba9478dc6dd3add75;06ac1f3c970f4ba79a9fbffa925cb9a5
9773ef88fc6143378d9b1240f9c02fd9;2028808098fb43449df5bf2240b5183b
8cfdc1b954c34b178189d735c8f0bfbb;43d9c9bcfd5848928252c227072f5b9c
dbf585990a85489e89eefbcfa71322d9;cb5d29576d9b4cbc83a12390e6ddd47e
a70b31ca54c74134894ad1b7bccb6c1a;3ca21207b85346daaa5b4f8d996d3a27
d2855e6908f847c0b14aaa06287e005f;3bf2a41321074e549764f3ab0dd5f117
945618b720b74d7ea586467c634f08d0;89943ce1fd9643ce93eaf74f50ce1e94
1cc6007ecd464194a5a18b8c5a0c2c41;f14f464e1dc241d689270360e961f8e6
7f683ea1ec564db18b64d5a3cfa79e56;a5fd4bc162b74bc6bc1eb790edc60feb
df6933619b4648c49833772930f1b2ec;41961f50ad58457b96921c75c0680eb0
bbe9f560040a472186ea9064af376e2a;f7c9d39ae98547488dbe5da015853b4a
973d3340e97141c080e78fe53e7dbeb0;7e8654cc74b84ee4963ffe743c8c9e47
9972a40f4f8d4fdabea06c6c4050b334;5b42373c1bc2448f911c4a290e0bf73f
13c531eb7a384107b2a5996db5144129;894c7bc3e94c45af90a6730b808f4f8d
afffe683b6034b36a6b297698308ca26;08f90ccc259943c1a57b326d71a0c02c
8b3ae82373a448faaa66de4c5942fc31;02e3bcc3b62e46d8ada16d894e756a52
587b32caf1074bf986e4788278df7780;0ad21fa25cd145cbb2738daf253fe133
56a42778e1ca4ac79348a8166b4cc1e1;840e0b055edf4514a2d1ad3c8c57a5ab
b942c82010374a868f440453ebb73832;1cd9112b36e64adfb147cec73d9b4854
ae887193a7554c60ac5e1058ee184593;b6ce6f7fccd641d1b008b6d1ed3afcaa
2180a45101b8411aa582773a373dbc1e;f726b9b6c8df4db5853c354afaf2d7e5
5c335cf50c8d4b418f204ccefb22b934;354f9eb975964cd5956396798f8f4c6d
978b26c04ee949e9b31377a7dd3c2cf8;af0d051c814d4d28bbe5d48200f1bb91
c627a3091df04e0495be3578d4a26942;48e9702bca1548cab4c3d625d4bd632a
11355c2dacc0466b92c789a76183b083;71ff2eace6394a18ac7cd09f23a73c22
c7588b5e0e5f41aa87c7766f32092190;2f71c1506b354bd5ae6c1df0be804c6b
2c5600a45a694638a015188341c8f4c2;8808dcb88a7e4fb4b4953b321345a562
5c9f85c3e95b4e9c8d1a393e8047b73b;9ea3b321d50c44899198826b43ca4d2d
fe3c6ed3b44748a19100ebf00cdfe76b;913ca14f01074f44b7df57cd72dcc5c9
6c9da652dffb456dbd2c6f703bd1bf60;2b9f727222b24adeac791a97eb043d87
cca92027c52849ea98fb3d3aafb7255b;988c090363a24e928debadc32150e41c
060fda839b5c42909fa3331f293f67c8;3043b97536744a4ab6ac55494fcb07c2
609b1de308dc4fe8ab46b0e3712e3409;a94529ef4e5e4340b67658295d8c9c1f
3061afc674894f28b07a48faa611efba;3cbcbbee38df4a38a4dba520796fd274
e1068a1f2ddf4b2b88aac2470fef7c6c;91ef6ec9a0ee4c52835a3b186af58e50
428a58ede5df416886128420facaa371;24634f13acbd4328bb461bfd35f36c2c
a588ba6d9153475f933b7bc596afac61;a2ed33a24e324627845c15ef87daa439
a9aa3f77de8341619a80ea344d7d051f;4abae792d59e4b9ebc79246588d3ab95
4eaa02da37e549808ac6c3c8bf325e28;fbea4aa1d44e4235aa6611f64efeab93
40553b46bda2479fb83c9b1c4daa92c6;54aa2236bf5f4637a7db49e8ec178b5a
73802dd44bfb45a887ed0c740088731c;25349dd29cb14b8ca710b3ed57b479aa
d97164706ac5445cacde2fdb1d615d0d;1c39440439f2476bbfbcf53456d1190f
e01f21ab71d14f00adaf32a4a432674d;c9137b433e98496c9de5c69420a4a721
6827e84c83c64b2a9124a6e0bf1b3668;58392271d22a48a69d17c28096360acc
c5010034f13b4ded8590bc2f39d72749;3b5da8216e2147809ea3cee46e3c5284
1a33b638eb50494e86cf070154ca8b80;c625a88e26c148788fec2f30c4ad28ad
5c77751738514857bfe135e8bfb516a3;7b7aaaf6b1554501b91d74e145a9930d
b4d0cc4f2e0044ffb87979996bf60891;0938126c83384a95a4fd124ce0c0704a
f442066bb780416eb6e2a04561746f70;9b3578c524e64519877d5ceb442376c0
f85f99a856204554b1520af5bf66aa05;fdf5b52f8a1d432e93eddc1dc48c4598
1f1c1708fd764ded88862f6b96d60bbf;731473b4a455419ba390ef2752a3581a
3243e10686784cdfaf2d3b304d104a1f;408eec19f8f84d40826be5520eb95c8f
d08fd0b5b6d64dca9855eb1e6f7691f9;8c155365d65d4524b6f2fa1938727fb2
63bce00f16224a38bed154ae07994cf7;7705e02df5624e8297725c95db28b9ce
2f336204329c429ab4244459f216479e;a30cbd21789440f5b8a02435c1451391
c87ce3744d334b46b258950070fed796;d8c8f8a292ce46a7a0cf551f5d2a17ef
8410b655cd844fd4b2e43ed3ff2c8868;ef34fac88d694704b43b73812196c236
2452213ef9c34da5bad0465d0c32879e;ad077950680548acbeb3dcc73cb74d9b
9ad6b1de19b846fe82f099cfa06cd29b;3c0c693729814a50b9c4be2400e381d2
a6b1dfdd6ef341279f242f8afccc2545;83701a34d16e4ef494643b265edc8c03
b0175138bea845a5b74b740fc98f60d8;1495673755a649c0861a281af6f93519
0c7c8153f0844d75aabc076de19c1402;9eefde8d8eb64dd9b62c576b1d1f6e1b
64856781c71c4e4083078ddf45ef1c96;f2099f2b8df64d83a1ffe355e0326ba5
786eec28a1c34a9b8426e41681a6239e;7eecdfec32c742a9a96cc737e9042a97
739e45461d7b48c3b6ecb5cc5f01ed29;914720af9b2847169aa782cfa310b739
77ef06dc529f44eda1d9ee01466f4e31;ee05e910c9b94a06bf81a20ea5d25d74
be955ca1ee764d1db811ff99fa80edd5;fd02a00242004d41a9c27df3428c26e5
50bfcab4c884499996da93b7cae1090a;5c4fd38906c04d538f196e452cf73429
91b11658493a4ab1b353ed88d40dae0f;baa3a6f1e4764c18bad0de95595d00c2
2343160939b1462bb756e7295b2ef277;211a7d2c63a64a27beb730ce869341fc
03fcd19992f64f86a0c96e1d014f51f7;18b62d6b21524ea4b3aff66fa260e6a7
ab863695058c4f9f87aec2a1e00c1b50;ecbbfcb947d14056b64b24ea612371d9
bbebfc5203d74632bfa8bad71a422142;4f073d56a5c640119c2c54ca1d389e2c
d1e0d02c2cc44686a450ed88de0637c5;a4f7a8be421646748c96a9ddaaff1710
9309a3de6ef54a2b818b7545e7dd762f;13a60e270a1040afbef1c17584857ddf
765324f4141148c49b460fc336751d62;8c6812e11bc145338aa09f99f704b663
442288d190bd4467a1cddae7ca23bb0a;617b72b600b941aebbca8a916d425d75
6b0fe3e53b3f43e6b6a0e63e38dd26b0;4dd391504ebb408aab06cffa37381bfa
758a54e5a23f493b8fe57c71a2a92518;559a7f74a34c4531ade4eade2508caf2
eefacaca95654217a148d97aa6e48496;1a9b878e3f6142ff9d2ab5c009d6169c
41e7a9a0187440eb9ea9efa93f070bc2;d06d149bb744478b8c9e0b1704ce99c7
2892b97d85a540ed948f9f9201097ad7;d9c377fc89704ca2bd084a83fa721123
7e404037a04e4787b5594fbc24660dae;ef75eb5e122340fcb8187054cc65724b
018840285e40495c9c10c8ef6b0f0eda;5ddbaf32b361445c862bf2f434b6faad
c706cef286394b96955703ac39d99eac;a752430a915f4fe881a742b56c626ef8
f5724e828d004215bbb91b233984e377;4e2603a3b58c438b95ec1460273892c7
ec9a037b8e784fc1afdf8e2858f25f73;f58a5f82b4c74169982dfd588db11684
737b34759f0d4769b66926b9f7b471d8;df3e62b6e6274fc799d7231f4e724d9c
7f43e50283404e0b916997d7d21293bb;fef7708a5ff3498fb289f1ebdc011128
df41f48eabd44331b9de9f84684cc025;f357d08a50fe47d3b2b548155bfa2e1e
11a0e65303884ef4bef7625f25cdf555;3e825a3be4e24fd8a94eb330dd7fefdb
5637733a55d44accaffaf433268abed4;414d350b48f24f7985c1a281f6bf4783
f0ac65f2a8ba40d398f8516d8e774538;264673f2c3034d90b86eaf0ed03d4524
fd63a0515c9845cc9b1c986ad61c1751;9860ab3511164d17b9532115aca20372
3d2f6d78362f4a36b41e76268806d1cd;9e36fcad934048bb923472be7e23ffec
4056950c577b471f88e2decc2f9a6201;87382391d3554271969d6ef1a727175f
c91ea57411c643cc8a771333a43ff2b4;415de871185f4b0bb2818f246b4e52f5
d7df35fdeaa44daeb8a77400dc9717df;a90de5b0227a43af8c0471481da103cc
318006af73644a52af30a4645cad721e;be575d1db2e442b292bf57248e15857c
7c50261210094c068d06b6c3fc4e73b1;b4e671f9c5dd447caa90f7700dc31351
b8cef379da6d40ae8e019fd4a8e25e64;fb0ef76536aa49e4a51bb7477abd05ee
9078fcffbd0a4213a3919417739b7a3c;1168950e1d2c47b59530f9891ceb093a
e0718c93d9de4536ae5d49e0845570a6;e38fbb68fc3646e399d186170e64ba9d
95c209e4f7374e54b8b41f7583467bb1;13f4610de3604d0693328e58d3d1d5d4
3f4b3e4535024e38abc2b9c8ec88fd5e;0971f2ab5a7f44769532d6ee9d0215ce
361c565ce20f4066a9edd053412f6c49;b9db03f432734fca869320ba47bd085f
18c7910696324a1891f47743dc9c515c;df5a3b0bfa6442eeaacef569b5d788c7
06a7fb788e9b43ffaffe0833ae87c786;6d27689fbaca4a2c964846f08ea3bc87
3ab0666ace534e11b8838d36154d7aa9;616623ae5e5a4f2d9b8f7b65bc7f448b
80c9377fecad4c60887a0ef405e97f93;f4b2af249c2148f0b135e336c9295db6
5438c22371894820b12ef614057bc7d2;1b260352b8db46e99f451bfc94b146a6
b991525d67db4e3bb11a8675a19b7c78;1a95e058318b4375a3cf925ea07afcd1
35ef76da2a1b4d599d022e86892f45fc;80636caf99bf48a1ad9fc16d9e1d9bfd
0228841aeb9344f39b0ac6ed3b8de381;c26218162f4240909966108861773ff0
a52e7dcc423e47a9b36543e47ec298ce;3f6dfe8f279b45f7b42d92b5d43fca0f
1d3de9832435490084d562e0a950de26;35a7035b70a446da869183265ab26e80
0b520b9659704240a5442e13adfb24bb;84abfeec6d9543739856b5a0f65cc590
3a05784bc45149e793018c2236816906;39af10f3a9a84f529b0cf9f840198fcc
f06a1b466afc49af897cc2b11b6bc028;ea3e7caeccda4a0381333f2353ccb949
104d98e9beac4a4fa16b7c89dbaa6cc1;a12228198efb4a1a889e8d02e5bf1201
935acd242cfa47888fa227beb51bb647;f64711b704c84c06a8d7596f34a48fcc
c501c199f21a4b33981862b23dcbb127;24175e4929fc4ddf8d08bdbfb33ef839
93485db6e8a34ca29beaa71e1fce5d5e;38ecfaf3220c49f490ffaae2d9d73fd9
5f32525acc90476e8b63665efa56997a;2af287493963479c9238bfdb1d8fe3f0
6d8b1b1ba2a44df3a2c5f534ae483fae;119ebe5761594930bc25cf12a221c904
9466385fc313450fb4ee905c08a68107;b504ec31b86e412cb3a7a926dec38122
2dd133d1f14c4e3b943ec90ff996d4b3;87cf3cc35465496580d8530fbec9dad7
2636e21f24d04480b75479dcdeb3026c;89db052fdb6d427a963b94949e819c94
2a39d7bc9abd4302becbf429157d53da;4619d988a55f418db2b27357d4563aa9
ff2b33204c954f8c85f0431716a8fd36;761ca7a5e6c74a968ccb115156759768
0f58da0b5459497abdcd94c8ffe5f23d;45e7b2875aca4f6abf4e533b1dec2def
bd94520686bb4f158d8053794f294d26;e8656043b45b4911a281127f7157f3ec
e1c8ed269fde427faa8d03f79290cbff;d7868d97db3a44498df5f6c07cc57d8a
51fd3939224f4209a59500b81e50fea9;4b4949a77a3e40fb852a0546605b0394
fe11350d3c37451190f4aefb70fcca87;2ce40cf647aa492ea22b99ee195df974
1c0051079b034a94913e9073c496c0c5;c16f3938186c450098fad30b761bfb78
a87c32d77f164be8b0efd1e4a80c9382;43ac406a12d843e687785894da5b54f2
967bcf28e6804bd6a01c99b277aa7c93;932fa71203df449c8dc7b22175cd028c
c49fb8e4c7d34fffac6d8c7ecf1d7345;42515362f3754c60b73c113bd573423a
2c21ecbca5c94cb4b33a3fb251a3913e;1ac105a877cc485a9d554af516c56424
2f15c7c74cc641d9afaf62802c0d20c3;96d3e3348b55466ea8eae38549322ea6
a2eed5d380f546d0ab2b6f5ec105751c;b28cfea8127c4de782c1a1d81b330d2a
540a3e4aa19e467a999aa783f9f21275;cdceed0dc2ca4aee90fbc2f5c63d891c
c12406bc46ea44e19117299f735496ed;bc5f5b0dd3c14342970fd2449a7350b3
5eef314ef2384cc4b72e05139c8cddc9;2364f5cfe76d4ca5a292ceeef728ce92
3b0bc9596237480eb191611fcdd7ee18;7e15e0c527e24659b7a3c467256ff700
c9fe3f727e6c44a1943ae00486fe81f7;d48993a5c35f41989899e25c111949c5
1ba7a90c4b3d437fabcd7ff38ffbe4c8;016b9c464a3b405e94face628dd9019f
f7363aeb4a2e45fbbeb85175e16b01a5;d533079540a14f7b90f20699a121d4d1
a5d747ac29d64a50a38d2630dace3c34;0ff5b79747574af39c98812f98c942b9
61ff2265b0624b9ca7a1b456bd4daf8d;af80cea7bd1e4fd68097f0a408500e7e
57241b3d43924459972f08283534ba83;990de6a2af254785ab792de020890230
28449c4d88d24075879f178e107347ca;b52d531361eb43379ae481ab316d08c2
0ab8de10608d4405b91e8f562683507f;f2f90578f3414fa182f09a859a0c390c
8ad97db19ab9499aa440755b8b842260;63fe7ce8d5d14139a224931c4ffd12cb
83d5c5a5cc2e4865b3a28f6383ab30e2;3b940dcce82946f08136b8cf529229f2
377f48358063463598ed51467110fdd6;4ad42e6f84c745f9a924b25c31858025
9436931e9c1c4a0d92e297d81983cb78;ce360403f35b4979b0afe74f2e9b8117
09e5f09baa9049d09c65d812261be58d;95630feacb054c8c919047ca61b49e53
9b110c589ff549e1be9b2707fce867b5;19331c5a154347b687f5763c696b5a10
9ac6cbf5a2ad40ebb6493ff69975ab8e;260e391aae4b4d629638453c9f8c303b
e46651c1441c480799ee2c6ad7b22fcb;5fc0b2e9374048f1b2481ef2505d6c79
7b925f2759424f7a9bdceaed03fc5bd8;54f3620df8444575bad4b4884d8d9a53
1526fbdf98574a58a3ee49f8fb24658c;e47fe1de793c4e5eae08c55266afebcb
19465f8f59c642feb2a69fad296d6a93;b9d3e535428a4bd2bccfea2563647afd
ea3c68fd844b4d8e8b84e365724f24c5;66718cd21d774e85944102bad0c5e27b
be133397654747358fa99d173a2502d7;522e7900703d43aea9f77080503866ac
53b1ecd18da047f5b00a882926c5ffd0;a0afb207f7424432b65b79c70f1733ab
cd3cfb48a4bd4c6ea0439f3aa32cc2bb;6c96ad03bc7f4d6d8e15ad6794e07aa4
88dc37deb8d64358a6cad7c43a911881;7aaa119c0efd48d182617e39de217e5f
9e9f14e565b544cd949a3b96f50a2aaf;8522e638502f48beb8d92d7f6b02f2b9
5ff886ecfad649f6abdfe94f1a8bb33b;58817a3aa6c9439699fa85e358818dc2
244bf919f0ff4b42a1af13b08191a5a3;5c8e3ad128184932a6f6a231d245efd3
26f79b7e238446669f96459684eb87ed;b46fc28f7dc84ee1964fa18c27f1fbe8
8c88bae74be84fe7be43237d19c6f107;283aac30de4c448b866ea2e67f16058d
3bfcced9a088461dbb8f39d84fa6f19b;ff55a59ec973416c8d0663b6ea5cd11c
8ca3d128004a436ab99213c6154c0df1;0776227c999445258402864ac08ca8a4
e7b5b3f81b2e407db2b6dfa5b2bd07cf;60645db22b644aa6adbd12a6d956e9ef
2a5327d2662a4b98b7b947b96bca2105;c16bf101e14f46d3a0f7727428f1f5c0
374eb904c2174d5bbecc1302f6c73776;43e8f753c92449c98ce26ab6e7308362
4ac9a7bf52f14a55b7aa495e68f9a05e;978c952fceb1416c864b674b44404d6c
59505d82bbf54698893b12963a67f229;e080349b46374e688233d3c34184a988
38a6c7fc0b2e44be8a780cf03bd97ea0;00a37cc973104ad5bb726b26116923ef
781f6df57a8a4ad8b5574e0887e28194;e3a3f5ef6184446595f8193e5cb71c40
38919874c295414b960c6a3c48eca723;e161f34f17764a37986f659791bab644
73f8aa8994604eb2b7f70710eaf6c16d;efbb14dc6c0248249b216dc2563441e6
c181744657ca4d4aa06b090cf79bfdda;65debc044b0c42209f0085ef4c322d30
69026fbe502443d9ac0109039a1c46f3;ad31c2d334814e1db3ee0c6e7e411c57
d3dff3665e924bdaac710339258ffa2a;630723fb24564bc6b594d84c8b4ec325
f5a9235919e3418da1b6bc31ba428a53;5b66f5cdcd764e30bcc563aa391cf08c
8460951c2e724258a416c58a217b94e8;e6e9bcb793a544319f6d4cd830160c59
5d85624365734a30ac70f6f824a2195c;7b2a74b3a46f46e58e1140dc63470b00
172c16b24e8941db847475648715cf66;217f8ca83a0c4ee1a405ad1c0be2097f
d4b642cdc6d94e70a0bc9803c2e04a58;4c6fd50069ab4da69f0fadc788ce9ad0
f86fbcd3d08f4f07a4b52bb433ad9f19;7501d5d84e29413abdc4288ddb5ba399
f340dc2cb8a04cf480d7117e915c9e71;f2f74bf6c6b446aa9254eb9efc7a8798
2fee3633308e4ea3befbafa71809ffff;9a142cf817964c4f9cd7d3b981bb64e2
490da016337046b894164ee5c072ec18;8252572d5c454cc189885155516c38b1
81f99a1636314706b7728eeb3ed87b0e;519a272ed8b849f0a6d892ebbe5d2c94
c9d0f9f5417047e7872439e35dd92f7b;ed775c49a81a4fd0a72fabe8096ec0bf
6925418c33644f939d3cf12ee30a3684;411a4e4415984768832be8de1e307e77
cf706c2139db41fbaae4e63785cea6df;81b27d4e47e7416b95cfd7b6214711c3
c3e95c74e4e04215a77f1fc455d36bab;34de542e834448f287d31255cc9e9144
367e4843b98740848a8deb836dae846c;544f81a4ea124301b23e13e3c5999967
74aafb09cadf475787581ae3ab6391cd;0338d945e6c24574b3ef9856a032bc6c
f5906003521c4e66bf8bca2659228947;430425a041774fddb199aa009549a8b9
16f879a0bb28430c86326f08467610eb;39a3c8f15c3b433e99e533ad787149d2
7d882205db7b4bd8b2449a779c150985;c461ce49c37c41138c8a49f369987715
fface040571447eabb8226ff2573cc43;5bb8162c390242eeb5636bbc20cceeda
5173ece3b26b4ecb945e2ba987f1212f;661f5e721ce54607a18ecd1fea90aa6c
0ba182722ed648e4bce175cd894f9671;d1f57c0338fd402fa437ff94afe5a741
6d7921f847dd4273bfe78027ce659256;4e9297acb6ca4c708257ab88b12d5231
78926c0e01544b78adf3272824c76fb9;0ffdbb799adf4a009cf77b0bdc91bdc8
fd26571e75144eb8be6ae625a1a26f4b;864e93791a0e489c82b3e053f532dac5
6ab6a38500d048a79acad558a68c2d30;36b011efdc4d41dfaa8c2b08b1f9bfa8
f135bf265b944db18547390862200289;d7fa2d76631c41debc955479376716d6
e3b95a6d8e8649e69b1f1629c4028f00;74c2ab6c7b04462fa601422681ffc9eb
bab9e36883fa4bc480cdeb3d5bf1e429;f983428c4a44482e8d5b905735545708
dde2066529474cb6bff389a864d0f81c;ef46c43dc2344950b4e6e2dd6beb6a02
9696e77b0b9b438f89f5b5097ecbde27;e4f6fc9ae44f42d0a692478c2846b4ee
d00f2f8b6cfe4fa3b1e443e3959cc249;a7580db2c6f44f45a3412938d56db34e
4fbbf572d40745b0869132bacc1eef2d;9ccbd5b5c3344f1a94c3c723b2e4b085
487e79c22e1e4bdf86152862bcf8d804;dc24db9182d043919130d388ff35276b
40255df075d94c359b98feb18aa090c5;79151bc7f35f41b283ff63b6f9e88c5e
bd0936204a3d4d039405fbbc5b6f3126;4bfd3ccc57f1474a9eaed2e44743fb60
4eb19798a6fe4136a58226bd33345f8d;bffeea836a0942bea52b9d0178e1ce47
c52c4467430e443eae0a33db80150101;e29615d8fb174a29938292fd8cec494e
50665cf102dd49cd9fca1c5337d16303;76379fa654c8434fae45bc9527d25dfe
b88e9e233ef24fbb9d180136f337c016;4e72db598c494b36ad2994bfa850bcd2
424d43fbf1db48679c68a09431ec4af5;dd50c1c6fd1a46b48b428dd657dfd24a
ce479c3986634995bd5810de3d468487;0054d743b2af41edb00a78e3cdbd0312
e15ff16c19654d8d92b8d9a67d94927e;d62ccddd06ca4b1fa2c3e9f780cdb8f5
63ad4547484a497dbf65d34f7599893f;d1e68f1191ac43bd87657dd6a98b7d5f
6161bac4b67548d6ae4ba7d850327c82;93547d4198d142b190622f6d0558449f
a6d0c2f193f24c83b951f4b0c1819b46;ad9bab6b7b344076b34820ad21e5219f
07d88a61892a462b920c7de7b4da32aa;29a3d8436ce048cdaaa5e79fab588ec2
daa66e848b004618bb7322096192f143;249efc0a219448569b60d87e74b035fa
b91eec8bd65d413e88b8c45e426da9af;c0c60ee4a22a4065bfc3f58227eed7b7
5efd9fe8f4c64fa086ed987071cace5a;0356e2a910ca437db4595038852512f8
9b9a99e0a41c40078b7c9f03ce2a7ba7;9ab83d2460564787a27eb8a430209772
a5b018f1427349a4a05bb5a43bd92864;fbf1845e739e4940bbd6495f1d2733ab
6c7871d99b8c43bcbf51e29633b54cf8;708e1ffcf85740c6aac1f80f5820a56b
0b46d8cd5fa44c85824d96c5025b3664;5bdf06a934f94c09911d1fc64c4dac3f
1f605883c3c54ad0b4a3be0520be4690;7214b293faef4f638233357945d0c5d3
be6ab125f5384c829d62482d636a69fa;051033ce1d684e4fa2053e905846d916
3b59e63b3c9648b3bb4f58bdfb821444;a0879aca693548b3ab5544dca79ed924
96f4c900a7a84fbfb6c971d5d4033be8;8c00d69efce3483ca5ada25e9fc02f68
3026a6f157b14e5aba6b4046bfadc1f6;6c7242b8ee5d49aa86f731bef33c08d1
50cad3d8f06d406695c0284da93d7d68;f584d8145244443b92881098a72130e0
9a79c4599125479fa2319804f348ffc7;6a755c328af24578985909b620440bbe
9ae8a9d36f094c9bbce4f78e676c4138;9c7be3f4b620435d8dbf7d2f13445640
7dab03d434294ee6b4f469d270e1fd69;a74917c9a7e94e19abe9b2dcc7793176
4c27ced544ef4ec092d7495b3c64bebe;09bce75500ae465d9a01caacade7375c
5de468df581d4fc19964b9598ce56626;befd29cfef7e4dc3968f06dd8de53cbd
4b78d34b945441b9963e36f38a616833;001f209971d740c5826fd8f5cea1d73c
8af052ec9d144daf817d86b266b00ae0;82660c533e0c460db402b12818495646
bbecd1ee52534f5a9d8922af55175db7;c42ea71077ff458aa0bb6e362588e138
33524323a1ea452f82287c7b33a8d639;8bd019d03e964eb8acf2f4eb66d846af
aea431ac6f5c4744a001edd8233aad3a;96e7ee524cd446ef86d837902c8ec184
d0a83947d5ca4a718d676fb772400820;b924de755d194f27a0cab947c74e304c
fa95a0e9bc0f4ac59f880eff7bd72d44;5fa4d615a7db4d4bbc41fa2f77859316
86259122ed5a47b391f95ed01aa0c16b;f694654ccb8c410c96746fb6236c9bef
45f5ef6468fc499bb18e3540050f0ca3;90d95132a0514898849b995644ff3bc1
f383cd6d096844e7a32f03bee35c87e0;99d8ba2901ac4a96b3f0c6a4e6cdaf05
43fb0000206242e0b0b7383655576b55;0132a33cc4ef4fcea1490408d2a5879c
b05d0ae832944a55be8e8be1e8fd3ec6;00fea66d245c4aa68c79f8f3a3483099
b94b12924107413292a82e9026f6e161;52cba49d7d7a4bc99b3a0b2c31d419c7
2a6e4f8c87994b04affa2ec59d46edb6;db15dc3327944738a579a218b9c197d7
e71d1de06c2a48d9bd0c4fa6707d6026;12015df2ecea4db8904871d2b5ce8999
59185006637f4de2a802616dcdb32c62;31a87d6746854ad48d7175500022d894
5625f03c0064480a9eca2422f6254b01;6d7c3709a30c4e15be126b41ee6f921b
a3cdabff90ec4d5da51b14b77b6db8f7;db286ceb645347b7a9b7acd66f3c2bbd
3464348f3132467689ca8be4b7d1d774;e818ab303d694ef1b380f70a1ebdc57e
0e3b39597d4a4f2f8b544f484eff0d35;5650d96275094695ac11ddd52275625d
4f9c17571c68475890ec9114b96f867e;de188443a8da4e8c8d9572264b10a051
069da712eaa74791a7c6967a5fb116eb;522c250a3a144d90a36a125737c18ecb
41f73b30a5ef43079ef32038aa74ffd8;7d5f6df4926c46dd86d5badd9b7864ff
9497533f1e8e432d8b0c37ade8ab3cab;51e0996629e842918957e8daff2b0a19
bcd25a4bd84946e1a6b3980a61769131;4f4353f4f0b846b99200dc91428de2db
d252eb77cc7f46a6b9b4d695341a4770;f1fb6cfbe890470a99fb5f9c10cb3db5
75ef221cc1534877863a07b2dcdb105a;59b5674f12cc462cb24b6111e958487e
d04943c7c756417d8014336b23b41591;6dfe893003e44610ac13d235cb411258
6b0280a271304ff2ac1b38436f666a22;3d176422c2c046438ba3a642c1227cfd
7793f79beb1e4bfa8a133af9c587509c;ff5669e8a77c4f1dbfbd1d2cc2dec047
c143690e2f0e4f9b893373b8012bdef2;efabc1f0b4b64783879b957541891062
03c80b3006e440a3a39e43ae2f022148;1fa063e7307c46af8ab856f063b1a136
620da402ba5d42e29cca50c29e969dd6;d5cad45998fb4cb1861d284bbc8cb21d
802f751269f7429999b16631004680e3;907685f308fa4aea90bd2a23fb75a50b
25edd57dd8b84d77b6d6eb609db863d5;637c8b5643ca444f88fe7ff0752e7800
ef1437d82ffa4f99bb258a3167c7e6da;1b7ce5a6b3b14a01bb6a074d4d0aebf3
e24e313d0cba4a40829a96c65999abce;5d892c486f0744b4b279e35c06a7ad50
188bac75c5ba4d58acfdc4d0eb4d13e0;2a510d3053e347a0ad27d10331ab5785
907dc528310247aeab6c504ec1629eb1;5cc1d4a48f224e82917ea606c22d74d8
3b7215e636da426286ee984e6487a4c2;9785a064a7234dc49c1a5044e8adf7ad
7e9d3edc956c4ba7a543737cb04dd6da;b5a0f521896f4c73ae8dda7608f32a87
f1c6a415004f48b0a396fbf31b8f1728;21d9ef8b08854c53b26bcc3eee444139
bf39b1613bb2401a8d9584457451497b;37010f56aee245469fe02c38df9a15a6
6823c0d1cab14044844475ab5e6350a9;941ebb586e6c4e6a8245f28036d27259
8709a34cb6564c489c0e980d7929d640;f1e547131b1543e1acd44becf90b6225
5fc7e6d7eb584a20b92459698880de85;e91dc67aaa354e98b8f97f6b5f134845
cec4fad7390947a0ae59ab26e59cb991;42f57f460ee94849a2c5047611cfd3b6
d06c835b44dd4640a52235b00e182535;cdd1a2592e0747fb9ba5f4f85d5d1e2a
439d0fe04c2e486d841b0fb5279b4f87;b7d248900a454e00a49594e5f4c40dcc
533d56cb1a0948e8aba37d3e37a81914;7aa2e89bf6684156b8b07bbbe8ea3eaa
281e43115d65413a884c5b975254dd42;82cef4f968244bd78dc1bd7d056fe100
6590eb9bb5e74b7fbf98365bfd779c3a;b702212b5b574185a379a32cf96c7ea8
08db75252d1d4db6bc704d471b1e4379;1853340a3ecd4a9383594b025e41b8ce
6931b108280a44f98d1c89aa116d6ead;3cd48c2483ca46f2af605f25ecfffba6
868ded1734ea4ba1afd6ab0d711a11d6;4bc51c2c6a2e46d7b6a01197697f6d98
9be74b0819614c2887c8f47cf8d46ff6;acc3a2281d6f4643a28472cdfcbcbcec
6c41c4e1a00c4f01984df13f653d07e2;3be7d386e2d842a9bace3f8667cc6df5
1218f2c51ba84f139b300f8525689de0;bf6d19473d2b4c048124eace681376a1
5f050a1affde45529b309ad3e0334fc4;bbee66ef3e7245de951b3f29b6af3c1b
7b40ac3f0bbc4749a4fb842ccc10741c;0f0a791391ef4406a7230a6be0739913
2be55abd883e41fdac43b958235b5720;3983c4e62076464292742b7c09a4c4b5
d2336ce224074d9a9aa0e63022370601;2305e34d35474f02b7d797b49917b4a5
7ec8d77247e44f0f9e2fb33e413c5039;ebc0c5cfa578407abbfb6ec21c4b41bc
d4ee47e7ee2c465a8566ba3c5326a131;781fdb27499e40009789104a1232a372
88dd5688e50d42bba2f6ee5c8744ba8c;1881bd42a82348b4bce2756a850d0951
77e34d35ae14477c9e4ff53747013c3a;a747ff8c92d447d0b034fbf4606ca848
fa9673c29f724f088ae413b531c07c0a;8a24d62b466f47048850e4e8ddff8041
129b94b589d14e45b4510052f96a8d8a;9521cbd6fc084b7791b1e3f93c84d2f8
74f41c171f92436caa3776cbf225ac4d;11a2c011cc3840bcb7ed97609bb56b73
c1dd547dacaf44f6882efffb2f60e7b7;450ceaed005e421b829e2d34f5342e33
3dccd9f764494f0e9fbc4eb7dfc0d7bb;33b4de53af624185bbb5f0c90be67fbd
12506e39d0374695852f644ac0b9e56e;ad1749f8e7ee48d6a113bd0662687943
d13dd7485f9a42d0ac098c5a50111995;19e211b3152743329c885b2190d88625
56868b283879424dafe7935f86d4eeff;ccec75e1168543278f5e2be6cb19674b
72f64f3b2b1a4eda824594f16fe60df6;503a5a79c3ec4f43a96a276cd68a4d3e
a8e50a2e77934346863b99bc6aa0879b;0e32946ef1214299882f9e074be2ee4c
48fdd9442e5f46e6b97668d8c10fdde4;602f2608117b47f1ba43d80bf7c61a9a
d1ab899e1bdd42e9956023b446f2e6e1;43dedc68e9244052b1a5c6e48d125606
4004948ce52645ebb1cc331a533ec1b4;9833fc577fd84b5cb1c32818ea1804fe
610a1296ef984974aa6a3d525ebcc7f0;f882fe2d1c804768925c4d29bb9f07ff
62299852a0914848a8ed64f0978c12aa;a2dc3503af034a9da5c1d31abc8b4adf
6cc076c799ca49618bf5ae98e895e676;fbb1f14602a4486dbd0d3157de5d143a
eafee4e5700d430e916be202c9d5e17e;ab17b3f77cd34b0eaa7e2d25dd60d88b
f572c5b0990e457db3218c6f72b17aed;4a616e7da8ac497ea07dc999ee558b99
13d7f99ce2de46f59207792a61065a61;654227d52467444bb7140404911edbe6
afe7f4bfb13347cb835852d4dcda4339;ef572cf70aeb4c98b1e8bf21a0b01359
60d7f26644e94d4ca2c5b4a2ea401789;f45b2d2151ac44cdb95b610529bd1505
634bd926287340b4b9bc0b67027be6bd;45490ba93fb344aeaab180319028e41d
fce63873187245ac860a1752311ce76f;19158cca8f394f97907fa8c7df8edbd2
fe7556261f8d4122a206d5ab8d4ebfe5;c5c6a290cc1e4481af4d455c0561d0a9
12d11e91736140a0b8a60bded8374eda;d3c6f848371246ef9cb7835f365fd570
2f2cfd80c9f74730b4dd582fcab25dee;c84f220fb298415ea9b2367d317d471a
8c0539c48ec24bdb8251c0322d2dfb6b;8203855a520e4e90afa933b68dedcc83
6625edeb3eea4f7db2ae3ddcd47f17d2;2bd17b71edc342ec92f67a8c34ce9be7
5e3fc1f4093a4bf9a6d1e0dbb282d0af;e7e60e059a01463ea294b2eae06eda32
c6200c3a8b61455c94c97d7fcf954677;6ebfedf4f5c7471a819a0e7db02b1963
43dedd3ed687413a86e3a3bf70581a2e;abf078be3fe9424fae6124d9596646ab
4bb20f2a072043fbacbd35936e4a6b28;f8d71dd68e394a2d9c0dbfad968dd58b
9f8cc960ec604a5c90dc5b4c51e71f57;b971fa3eb8164c98989a70cd3661cc53
71fb2ec2b5df4c12827765b677423ad3;d18a4afa16ad4b0eb22952103a05740f
5c1cf5df20194d558980f5aa59d638a4;341efe8786f24f6d8cd2b601f6dc5d51
8f157938e9694123bcd8564ece34b3e9;55006ccafe6443868e46cb2299b80d61
247358b76a4f4c21b01e6fd67e4c152f;ec5363cd1a9c4aa7bbd774b17f6df067
0c920b189a754c68968c58e48d99daf9;be98b444ff3b481d9fd88a8e9c4a5927
2bade1e9746a4eae9cd8d4c2dc45b777;2d85a0a776134c7a85990073042acf7a
5193199a6ee747bfa39c5238c36394aa;f4c3a8790e02454a98fa5953e78b17b9
041bd21a732644278e7830b6ab52a954;92a124bceab8417383c039ed3991d5a3
7941d8857a9d4632ba17b283088697ba;f0d06e99e3f34e19a77b66b299b1be98
5c825d17ad164a2482a37ec4fc5177a8;bb6aac5dcfe44f4386e74e496fc6450e
2df66518475243fcb5352971c27a77bd;916bc9a524024dc6a8883cb36224f3c7
485a0ceef6b041848711e89e5ddba5de;abcc7feeef3a43c2ab006e0f3eb138ec
75d4c26a79ed404791c7dda61aa2c5f3;e8b888e7d4c348168a66da52fe000e0d
a9cea351dc29473fa68c428fdff6c510;2097ca67d2dc489882a9cd23d8c5a0be
6100ccf390eb4ed1b489f020be790ff5;da30c5a07016429ea7f169870d0b2148
0496e0b0e7104efab8fa57afa3760f37;e0a2b057d2ed482baece194a68b83016
00ed0530efa04187ad2d92aaa0ee472c;dcff572486de4eaa8cb066c1afedbfbf
e2dfe07c80654646bb58dc9cb89ac88e;bfbfec77b9e34633ab645f5482b55fb6
254a8a1e4551400b91724e4bec1ceb79;9fbc5ecc552349729a24f647a3c1871e
e794b94a80de4f46800eb884ca8e6901;e355d1c07db14d54b1081fa36dfaeac7
94bba397bbba41cebbecbe6f115d388e;d3c79ebfcbfc473382a33bd95e7bf02e
c5d386afed284f0fb8e8cbe00ea10a8b;828f9515d2b14c13bacd33317fe0f8e3
cbd9553dc74445d983c6b88e6116a4ce;8bdec53846094b4ea36240e45214aba9
23184e4b7cd64496a3cc023acb233dfe;e8e57ca30dc34d9a9e114378a552bdea
9b603c94ae3e4cfbb78d517aabfa3068;cf1fc09f8845499693f469e6068bb350
97a2921694324abb9736e7ed06b9fbec;9f1a790aca55495c8b9f791896517ff2
2f2d3cc5cc7f4b2883d80a8f6b6f7fdd;4993999e2be8406384e7509b0feae6c7
fc01b1d654d8490d9cb141030597d751;c527c428810a4dad9c1e71b13819b919
9bb735385fb84449a11e2900fcc72a87;8dad97e431ff4d1b9d69a5c372c7201e
4420f40ff091495ca8c3c4fe0e45a18f;9a636cc5e4c840dab91008aa11ee65c2
224fa97b17214138bf6e6338d4314f37;efcb7aa881494d9fbe68aebb7e73e4de
fed7adb7f9194daa970eff4a36a04690;2e9b8fca77c2435491071c5a0375a528
